{
  "seed": 42,
  "sample_rate": 22050,
  "n_mfcc": 40,
  "max_len": 173,
  "lowpass_enabled": true,
  "lowpass_cutoff_hz": 8000.0,
  "validation": {
    "samples": 224,
    "accuracy": 1.0,
    "macro_f1": 1.0,
    "weighted_f1": 1.0
  },
  "test": {
    "samples": 112,
    "accuracy": 0.9910714285714286,
    "macro_f1": 0.9910707167344335,
    "weighted_f1": 0.9910707167344336
  }
}